{"cameraMode":{"drawMode":0,"name":"Shaded","section":"Shading Mode"},"sceneLighting":false,"audioPlay":false,"sceneViewState":{"m_AlwaysRefresh":false,"showFog":true,"showSkybox":false,"showFlares":true,"showImageEffects":true,"showParticleSystems":true,"showVisualEffectGraphs":true,"m_FxEnabled":true},"in2DMode":false,"pivot":{"x":-7.569999694824219,"y":7.979999542236328,"z":-0.20999997854232789},"rotation":{"x":0.055337563157081607,"y":-0.3864487409591675,"z":0.02311093918979168,"w":0.9204312562942505},"size":0.8660251498222351,"orthographic":false}