{"cameraMode":{"drawMode":0,"name":"Shaded","section":"Shading Mode"},"sceneLighting":false,"audioPlay":false,"sceneViewState":{"m_AlwaysRefresh":false,"showFog":true,"showSkybox":false,"showFlares":true,"showImageEffects":true,"showParticleSystems":true,"showVisualEffectGraphs":true,"m_FxEnabled":true},"in2DMode":false,"pivot":{"x":-0.008637547492980957,"y":0.7821041345596314,"z":0.006034687161445618},"rotation":{"x":0.12483140826225281,"y":0.11433212459087372,"z":-0.014488059096038342,"w":0.9854817986488342},"size":0.8113958835601807,"orthographic":false}